timestamp,source,destination,label
25.772,host-00,example.test:443,beacon
47.392,host-00,example.test:443,beacon
81.015,host-00,example.test:443,beacon
100.753,host-00,example.test:443,beacon
131.614,host-00,example.test:443,beacon
158.391,host-00,example.test:443,beacon
177.783,host-00,example.test:443,beacon
207.961,host-00,example.test:443,beacon
226.861,host-00,example.test:443,beacon
255.269,host-00,example.test:443,beacon
274.945,host-00,example.test:443,beacon
295.122,host-00,example.test:443,beacon
10028.792,host-01,example.test:443,benign
10064.022,host-01,example.test:443,benign
10088.003,host-01,example.test:443,benign
10113.575,host-01,example.test:443,benign
10145.614,host-01,example.test:443,benign
10182.777,host-01,example.test:443,benign
10214.011,host-01,example.test:443,benign
10242.357,host-01,example.test:443,benign
10279.977,host-01,example.test:443,benign
10302.723,host-01,example.test:443,benign
10338.458,host-01,example.test:443,benign
10365.092,host-01,example.test:443,benign
20028.577,host-02,example.test:443,beacon
20057.048,host-02,example.test:443,beacon
20086.282,host-02,example.test:443,beacon
20117.547,host-02,example.test:443,beacon
20146.27,host-02,example.test:443,beacon
20176.596,host-02,example.test:443,beacon
20207.152,host-02,example.test:443,beacon
20236.641,host-02,example.test:443,beacon
20266.832,host-02,example.test:443,beacon
20295.083,host-02,example.test:443,beacon
20323.322,host-02,example.test:443,beacon
20352.146,host-02,example.test:443,beacon
30034.221,host-03,example.test:443,benign
30050.958,host-03,example.test:443,benign
30062.27,host-03,example.test:443,benign
30088.695,host-03,example.test:443,benign
30106.805,host-03,example.test:443,benign
30117.495,host-03,example.test:443,benign
30164.947,host-03,example.test:443,benign
30200.965,host-03,example.test:443,benign
30209.361,host-03,example.test:443,benign
30234.99,host-03,example.test:443,benign
30257.336,host-03,example.test:443,benign
30319.752,host-03,example.test:443,benign
40030.918,host-04,example.test:443,beacon
40060.07,host-04,example.test:443,beacon
40091.99,host-04,example.test:443,beacon
40120.462,host-04,example.test:443,beacon
40150.135,host-04,example.test:443,beacon
40181.164,host-04,example.test:443,beacon
40209.771,host-04,example.test:443,beacon
40239.727,host-04,example.test:443,beacon
40267.884,host-04,example.test:443,beacon
40298.557,host-04,example.test:443,beacon
40329.615,host-04,example.test:443,beacon
40359.907,host-04,example.test:443,beacon
50062.498,host-05,example.test:443,benign
50073.793,host-05,example.test:443,benign
50109.446,host-05,example.test:443,benign
50136.515,host-05,example.test:443,benign
50162.533,host-05,example.test:443,benign
50180.808,host-05,example.test:443,benign
50235.78,host-05,example.test:443,benign
50322.619,host-05,example.test:443,benign
50341.898,host-05,example.test:443,benign
50374.631,host-05,example.test:443,benign
50376.509,host-05,example.test:443,benign
50412.777,host-05,example.test:443,benign
60030.589,host-06,example.test:443,beacon
60062.561,host-06,example.test:443,beacon
60093.849,host-06,example.test:443,beacon
60122.987,host-06,example.test:443,beacon
60152.53,host-06,example.test:443,beacon
60183.205,host-06,example.test:443,beacon
60211.295,host-06,example.test:443,beacon
60241.142,host-06,example.test:443,beacon
60269.814,host-06,example.test:443,beacon
60298.282,host-06,example.test:443,beacon
60326.518,host-06,example.test:443,beacon
60357.591,host-06,example.test:443,beacon
70004.155,host-07,example.test:443,benign
70012.69,host-07,example.test:443,benign
70027.566,host-07,example.test:443,benign
70089.103,host-07,example.test:443,benign
70091.623,host-07,example.test:443,benign
70109.514,host-07,example.test:443,benign
70133.432,host-07,example.test:443,benign
70197.898,host-07,example.test:443,benign
70249.222,host-07,example.test:443,benign
70309.071,host-07,example.test:443,benign
70318.861,host-07,example.test:443,benign
70334.96,host-07,example.test:443,benign
80029.435,host-08,example.test:443,beacon
80060.972,host-08,example.test:443,beacon
80092.803,host-08,example.test:443,beacon
80121.406,host-08,example.test:443,beacon
80150.111,host-08,example.test:443,beacon
80179.039,host-08,example.test:443,beacon
80207.973,host-08,example.test:443,beacon
80237.912,host-08,example.test:443,beacon
80268.269,host-08,example.test:443,beacon
80297.32,host-08,example.test:443,beacon
80325.336,host-08,example.test:443,beacon
80355.012,host-08,example.test:443,beacon
90013.826,host-09,example.test:443,benign
90038.89,host-09,example.test:443,benign
90130.681,host-09,example.test:443,benign
90165.865,host-09,example.test:443,benign
90187.603,host-09,example.test:443,benign
90216.441,host-09,example.test:443,benign
90250.27,host-09,example.test:443,benign
90251.935,host-09,example.test:443,benign
90320.873,host-09,example.test:443,benign
90366.293,host-09,example.test:443,benign
90428.559,host-09,example.test:443,benign
90476.525,host-09,example.test:443,benign
100027.417,host-10,example.test:443,beacon
100054.993,host-10,example.test:443,beacon
100075.477,host-10,example.test:443,beacon
100108.7,host-10,example.test:443,beacon
100128.194,host-10,example.test:443,beacon
100147.811,host-10,example.test:443,beacon
100170.821,host-10,example.test:443,beacon
100192.716,host-10,example.test:443,beacon
100218.878,host-10,example.test:443,beacon
100238.139,host-10,example.test:443,beacon
100256.145,host-10,example.test:443,beacon
100277.775,host-10,example.test:443,beacon
110023.623,host-11,example.test:443,benign
110051.441,host-11,example.test:443,benign
110073.849,host-11,example.test:443,benign
110109.839,host-11,example.test:443,benign
110141.664,host-11,example.test:443,benign
110166.04,host-11,example.test:443,benign
110192.077,host-11,example.test:443,benign
110219.635,host-11,example.test:443,benign
110247.461,host-11,example.test:443,benign
110271.427,host-11,example.test:443,benign
110307.01,host-11,example.test:443,benign
110344.9,host-11,example.test:443,benign
120029.864,host-12,example.test:443,beacon
120059.799,host-12,example.test:443,beacon
120088.143,host-12,example.test:443,beacon
120116.552,host-12,example.test:443,beacon
120145.922,host-12,example.test:443,beacon
120174.981,host-12,example.test:443,beacon
120206.297,host-12,example.test:443,beacon
120234.942,host-12,example.test:443,beacon
120263.035,host-12,example.test:443,beacon
120294.839,host-12,example.test:443,beacon
120324.952,host-12,example.test:443,beacon
120353.538,host-12,example.test:443,beacon
130023.503,host-13,example.test:443,benign
130024.326,host-13,example.test:443,benign
130046.856,host-13,example.test:443,benign
130162.049,host-13,example.test:443,benign
130221.753,host-13,example.test:443,benign
130257.495,host-13,example.test:443,benign
130266.573,host-13,example.test:443,benign
130280.277,host-13,example.test:443,benign
130285.761,host-13,example.test:443,benign
130330.105,host-13,example.test:443,benign
130352.921,host-13,example.test:443,benign
130398.217,host-13,example.test:443,benign
140029.319,host-14,example.test:443,beacon
140058.211,host-14,example.test:443,beacon
140089.457,host-14,example.test:443,beacon
140121.397,host-14,example.test:443,beacon
140152.807,host-14,example.test:443,beacon
140184.031,host-14,example.test:443,beacon
140215.305,host-14,example.test:443,beacon
140246.264,host-14,example.test:443,beacon
140275.171,host-14,example.test:443,beacon
140305.242,host-14,example.test:443,beacon
140334.664,host-14,example.test:443,beacon
140362.78,host-14,example.test:443,beacon
150000.85,host-15,example.test:443,benign
150010.681,host-15,example.test:443,benign
150019.681,host-15,example.test:443,benign
150055.061,host-15,example.test:443,benign
150149.121,host-15,example.test:443,benign
150166.906,host-15,example.test:443,benign
150249.854,host-15,example.test:443,benign
150382.635,host-15,example.test:443,benign
150475.668,host-15,example.test:443,benign
150489.275,host-15,example.test:443,benign
150496.747,host-15,example.test:443,benign
150504.465,host-15,example.test:443,benign
160028.787,host-16,example.test:443,beacon
160057.604,host-16,example.test:443,beacon
160088.101,host-16,example.test:443,beacon
160119.702,host-16,example.test:443,beacon
160151.064,host-16,example.test:443,beacon
160180.981,host-16,example.test:443,beacon
160211.593,host-16,example.test:443,beacon
160242.792,host-16,example.test:443,beacon
160271.131,host-16,example.test:443,beacon
160301.773,host-16,example.test:443,beacon
160333.413,host-16,example.test:443,beacon
160364.542,host-16,example.test:443,beacon
170041.606,host-17,example.test:443,benign
170061.11,host-17,example.test:443,benign
170067.01,host-17,example.test:443,benign
170113.706,host-17,example.test:443,benign
170125.833,host-17,example.test:443,benign
170174.24,host-17,example.test:443,benign
170281.142,host-17,example.test:443,benign
170296.259,host-17,example.test:443,benign
170311.653,host-17,example.test:443,benign
170399.662,host-17,example.test:443,benign
170438.37,host-17,example.test:443,benign
170443.96,host-17,example.test:443,benign
180028.508,host-18,example.test:443,beacon
180057.113,host-18,example.test:443,beacon
180088.732,host-18,example.test:443,beacon
180119.958,host-18,example.test:443,beacon
180148.543,host-18,example.test:443,beacon
180179.849,host-18,example.test:443,beacon
180211.77,host-18,example.test:443,beacon
180242.399,host-18,example.test:443,beacon
180271.801,host-18,example.test:443,beacon
180301.995,host-18,example.test:443,beacon
180330.519,host-18,example.test:443,beacon
180358.576,host-18,example.test:443,beacon
190106.1,host-19,example.test:443,benign
190137.567,host-19,example.test:443,benign
190160.0,host-19,example.test:443,benign
190241.373,host-19,example.test:443,benign
190258.438,host-19,example.test:443,benign
190320.05,host-19,example.test:443,benign
190372.537,host-19,example.test:443,benign
190379.649,host-19,example.test:443,benign
190388.353,host-19,example.test:443,benign
190398.753,host-19,example.test:443,benign
190407.007,host-19,example.test:443,benign
190433.496,host-19,example.test:443,benign
